-0.173537020879, -0.15592601603, -0.11160647183, -0.08653926622, -0.08178130317, -0.07871670061, -0.0773335543, -0.07484559206, -0.06243980586, -0.05978704631, -0.05785226475, -0.05525011261, -0.0533004372, -0.04721157609, -0.03655058589, -0.02713793136, -0.02329172854, -0.02246773792, -0.0209047389, -0.01678353706, -0.0163124966, -0.01625359351, -0.01165853018, -0.01131620914, -0.00785582, -0.00785140617, -0.00674468072, -0.00541497909, -0.00521991027, -0.00476445815, -0.00470928198, -0.00312540981, -0.00262621192, 0.00125170918, 0.00162791138, 0.00363116066, 0.00365529792, 0.00485635037, 0.00564740373, 0.00617348032, 0.00879554442, 0.00890011872, 0.0092426636, 0.00929887128, 0.00954214495, 0.00991742568, 0.01005990165, 0.01048788887, 0.01119317459, 0.01197167717, 0.01576461014, 0.01817195816, 0.0192668104, 0.01960073375, 0.02051067268, 0.02151941452, 0.02161666291, 0.02270423866, 0.02298554353, 0.02578752622, 0.02740748643, 0.02830142918, 0.0283398009, 0.03040844983, 0.0305013139, 0.03244146542, 0.03279529227, 0.03332685288, 0.03477351441, 0.04089047098, 0.04096830447, 0.04104843797, 0.04114008933, 0.04176040595, 0.0418750621, 0.04303087791, 0.04360659331, 0.04486839811, 0.04620543367, 0.04835615922, 0.05471428938, 0.05517450275, 0.05871690293, 0.06157306381, 0.06218753039, 0.06326581926, 0.06815415322, 0.06837977992, 0.06860041593, 0.06971117669, 0.07097613192, 0.08968092772, 0.0957263244, 0.10676707427, 0.11649389758, 0.11749821016, 0.1335588656, 0.1763006977, 0.2390341159, 0.26336172245, 0.28477800317, 0.3312448891, 0.36329237883, 0.44583644615, 
-0.072682655926, -0.05301887554, -0.05256717989, -0.04313776443, -0.0406983103, -0.03570363329, -0.03422916065, -0.03092654826, -0.02635449276, -0.02233710369, -0.02212107429, -0.02163193701, -0.02143573285, -0.02063204393, -0.02055871254, -0.01402786364, -0.01333094586, -0.00961576813, -0.0086917996, -0.00636431127, -0.00590512893, -0.00515149819, -0.00473150672, -0.00435385499, -0.0041739417, -0.00410263853, -0.0035872007, -0.00246935874, -0.00245573665, -0.00190414644, -0.00085981106, 0.00055546928, 0.0008738509, 0.00104841121, 0.00151595098, 0.00152882904, 0.00191585162, 0.00195798636, 0.00342738814, 0.00389327138, 0.00395043487, 0.00396866276, 0.00443764663, 0.00472552288, 0.00484380039, 0.00504173026, 0.00617197339, 0.00657684489, 0.00725134569, 0.00748073573, 0.00757168028, 0.00816771167, 0.00821097497, 0.00869660532, 0.0087454545, 0.00914101383, 0.00914114395, 0.00936579088, 0.00979433928, 0.01012993657, 0.01027993982, 0.01126433085, 0.01160549612, 0.01240452895, 0.01275072487, 0.01283294413, 0.01412955847, 0.01448459114, 0.01561424014, 0.01630061074, 0.01702401286, 0.01936889054, 0.01974485429, 0.02019995247, 0.0212367632, 0.02131674399, 0.02141355724, 0.02247334702, 0.02249949746, 0.02298440583, 0.02452127535, 0.0251366201, 0.02560809918, 0.02576879067, 0.02597482193, 0.02715139441, 0.03187620644, 0.033915406458, 0.03779450687, 0.040402677, 0.041767755974, 0.04553628405, 0.04987241457, 0.05413984445, 0.05425605975, 0.05447057409, 0.06400551146, 0.07381719981, 0.09566665286, 0.12154862068, 0.13410160804, 0.16215384835, 0.174284464571, 0.194324101462, 
-0.037708876255, -0.031384117546, -0.025998807023, -0.023691827536, -0.022618539483, -0.021731333202, -0.018785858748, -0.017947721774, -0.016961905679, -0.016163094487, -0.015536502836, -0.01376236424, -0.012884345224, -0.012590856169, -0.011482827193, -0.009685760217, -0.009085998604, -0.007995669665, -0.007028152558, -0.006727349431, -0.006025571298, -0.005842450634, -0.004897500361, -0.004637180888, -0.003616517952, -0.002998081415, -0.002864760013, -0.002725530286, -0.002334970037, -0.002297195992, -0.002169252962, -0.002116790982, -0.000454199646, -0.000439368431, -0.000197979269, -2.5424785e-05, 2.36163949999e-05, 5.91617379999e-05, 0.000216397534, 0.000387893028, 0.000438045788, 0.00068500855, 0.00095936213, 0.001587088133, 0.002079774154, 0.002195981936, 0.002208167626, 0.002610232943, 0.003202411736, 0.0037363451, 0.003792762703, 0.00416366246, 0.004476413495, 0.004568580225, 0.004716231155, 0.005173570386, 0.005465301551, 0.005485962305, 0.005548154281, 0.005651826941, 0.005749055827, 0.006404358477, 0.006462335963, 0.006762539196, 0.007409235269, 0.007461541854, 0.008044227668, 0.008062042003, 0.008108787319, 0.008153062805, 0.00815427363, 0.008330019411, 0.008549194091, 0.008588746336, 0.009611777761, 0.0098900147, 0.010358501332, 0.010591483383, 0.010844735464, 0.01128557261, 0.012140626272, 0.012169240027, 0.014281726981, 0.015911313041, 0.016241451457, 0.016341829947, 0.016412328203, 0.01761080999, 0.018744915671, 0.019639927288, 0.020723304806, 0.026156208766, 0.027599744709, 0.027606579048, 0.027612315678, 0.02973947107, 0.036692948871, 0.044373281052, 0.044579738308, 0.065761218973, 0.073325947996, 0.078166556566, 0.099313828126, 0.107336978992, 
-621.73616832, -507.87143215, -402.620735884, -316.04620958, -302.26384767, -230.28313129, -229.36867098, -199.35814603, -168.45935417, -156.4203268, -136.58051421, -118.31596473, -105.68507214, -100.457491, -91.82728326, -86.52214579, -76.52314077, -69.82809708, -59.41946891, -53.91441532, -52.19391806, -45.77665079, -41.68554474, -35.58553797, -34.56288307, -34.14222455, -22.94898708, -20.09279144, -14.45428986, -12.97225866, -9.36599233, -9.27963695, -8.09457914, -7.94285327, -7.03609325, -5.40821536, 2.55067399, 2.98074309, 3.41296385, 7.20614527, 9.85019715, 10.70829895, 12.46569656, 14.04789652, 16.35708505, 19.88596097, 21.95893135, 23.54605786, 33.4587671, 34.29103139, 35.82091764, 42.24914088, 43.32593192, 45.50471674, 45.9307212, 55.45204351, 57.4253531, 65.32202491, 69.89560078, 70.07862219, 71.86976463, 78.8236411, 80.1764176, 80.18400796, 89.55086534, 90.06451458, 92.45249755, 101.60309298, 101.73265129, 102.33241999, 103.14280809, 103.75635496, 105.41266195, 107.31962232, 119.38631112, 121.6161464, 123.59678445, 125.43157026, 127.21055571, 129.32852852, 130.37337086, 135.29228584, 141.51599604, 155.65343389, 158.39096049, 159.75415561, 181.59893579, 182.405153, 198.07360474, 206.43000364, 224.33091975, 261.54090993, 281.79931792, 283.41090254, 297.59251737, 356.60110114, 433.09223385, 440.9918919, 455.54279192, 463.91036426, 477.59224529, 666.56795346, 705.77331105, 739.96671486, 
-0.53805337245, -0.33083694387, -0.31394848793, -0.2799293819, -0.26594478622, -0.25303341577, -0.21537569424, -0.18392833914, -0.1697165279, -0.14584105514, -0.13742211527, -0.13532892401, -0.13456084483, -0.12936609109, -0.12630230044, -0.12473903974, -0.12116948038, -0.10570654689, -0.08884284209, -0.08638110612, -0.08265538822, -0.07984536956, -0.0756452053, -0.07234487711, -0.0663425965, -0.0658693429, -0.06238369159, -0.05184187639, -0.0485842176, -0.04500994375, -0.04493813532, -0.0421164404, -0.03745175971, -0.03677649473, -0.0263774319, -0.02417011263, -0.02207514758, -0.01773219228, -0.01704834605, -0.01122023726, -0.00810059379, -0.00485731123, -0.00462852182, 0.0023212602, 0.00398227022, 0.00562968807, 0.00587882695, 0.0084934814, 0.0142846667, 0.01452093695, 0.01539788736, 0.01591796021, 0.01656796782, 0.02119298494, 0.02232404682, 0.02493878936, 0.02537302966, 0.02663421743, 0.0272073941, 0.03079769319, 0.0386915827, 0.04243262037, 0.04257945464, 0.04321834839, 0.04512436485, 0.05000212989, 0.0507581704, 0.05382640147, 0.05405738249, 0.05463219527, 0.06134787707, 0.06882586614, 0.07280089916, 0.07298103428, 0.08351020548, 0.08355772531, 0.08484819862, 0.0864428658, 0.12093103625, 0.1300120757, 0.13285860238, 0.13488154746, 0.13521718586, 0.13807055873, 0.1573054701, 0.17307378673, 0.1747019687, 0.18310669178, 0.18541554407, 0.20136533226, 0.2021775303, 0.20724648962, 0.21415616914, 0.30036089646, 0.30894578058, 0.34268044032, 0.37568288511, 0.44792233985, 0.50849813984, 0.64420103133, 0.76055989227, 0.95619365946, 1.06893125699, 1.102048732, 
-14.3325076963, -11.184925194, -8.278885166, -6.932899922, -6.331787653, -6.095930892, -5.280130056, -4.776255429, -3.485363015, -3.47066402, -3.389158536, -3.327720227, -3.299523806, -3.220021204, -3.147590869, -3.104608762, -2.976454283, -2.60473595, -2.422903094, -2.39713123, -2.211242208, -1.866515422, -1.845997764, -1.751973247, -1.677130521, -1.476613363, -1.38633644, -1.333632493, -1.304426307, -1.171376726, -0.977281464, -0.973848251, -0.907157909, -0.850213598, -0.831117492, -0.601034483, -0.539984183, -0.458829961, -0.451775674, -0.37737706, -0.156299439, -0.110545362, -0.042954886, 0.074266389, 0.082611626, 0.151081622, 0.214270058, 0.242649365, 0.30621336, 0.424690414, 0.452882261, 0.532117336, 0.597395411, 0.734832979, 0.782236671, 0.78996474, 0.80456584, 0.951826408, 1.046861388, 1.120229608, 1.150532258, 1.373514228, 1.381021623, 1.415850921, 1.447570372, 1.489911367, 1.512392628, 1.676445017, 1.785327852, 1.814970358, 1.867096085, 1.933184838, 2.076989707, 2.118981681, 2.171365521, 2.224165011, 2.350274771, 2.77931526, 2.869842779, 2.986911574, 3.322774403, 3.543377893, 3.738620728, 3.762140168, 4.029125149, 4.04096424, 4.519996959, 4.600186467, 4.734961126, 4.800591063, 4.91275738, 5.548613605, 6.663475315, 7.091577922, 7.506628743, 8.26197155, 9.534934067, 12.217005026, 12.508260182, 16.315577668, 16.835211445, 20.933215204, 23.517649626, 26.893345618, 
-2027.3724038, -1927.7301237, -1543.80606765, -1414.8859898, -1103.6492335, -875.2671723, -874.6246901, -799.06717981, -664.4235517, -545.7680536, -477.1318855, -447.3881206, -434.6833845, -391.4498184, -325.4711259, -300.5242387, -285.7488349, -229.6721111, -169.2058107, -151.302505, -150.6183203, -146.6210694, -129.9275928, -124.2111514, -110.2594041, -104.0106827, -69.368834, -68.5578752, -68.3748655, -65.7942325, -63.6631459, -41.7358411, -19.9443507, -12.2458224, -11.0635726, 5.401518, 18.0819958, 31.6268726, 44.6079352, 59.7691436, 60.2045731, 64.0777381, 92.5999951, 128.6904227, 131.3895026, 134.9019477, 135.6221842, 147.8861298, 148.9116055, 206.7832577, 211.3510786, 217.7084053, 226.2354257, 234.8465351, 236.7494265, 241.7941426, 243.4038116, 257.0124399, 269.9281803, 271.3489835, 298.6474415, 318.4506085, 322.0018028, 348.7090484, 351.5433669, 355.8543555, 356.5626888, 360.9180255, 373.7615518, 374.1770438, 401.9376333, 403.8997035, 408.7735436, 417.7261148, 429.6244166, 433.3870728, 436.5574196, 446.6951948, 447.2086207, 455.7394264, 507.6661007, 527.0476431, 537.7707102, 600.8114354, 601.7287051, 630.1113219, 704.0134329, 713.9652005, 724.251217, 871.8099248, 986.6285867, 989.0885046, 1055.2272964, 1088.0325507, 1177.9635348, 1504.1627213, 1515.7821483, 1666.1755557, 1836.8351451, 1873.3598289, 2173.3382243, 2247.3752458, 2854.4136879, 2955.3979756, 
-109.902199519, -99.990868775, -80.453072092, -49.96019326, -49.22595088, -45.109383645, -43.18739541, -36.73149543, -33.77056946, -30.22551481, -30.08239722, -27.2786269, -23.02874641, -21.91907203, -21.88631766, -21.52758868, -20.19155421, -19.96201901, -18.786286015, -18.00716924, -16.96544706, -15.36690042, -15.28521013, -12.66529818, -12.6410794, -12.21725872, -11.523189714, -11.0301647, -11.02608478, -10.75230192, -9.26470381, -8.95851864, -8.74358969, -8.46122356, -7.59549854, -7.5669907, -7.44745605, -6.6773403, -6.64668643, -6.33595939, -6.27378692, -5.88026953, -5.74412093, -5.73511854, -5.48170332, -5.24854724, -4.18478232, -3.97171495, -1.72050054, 0.21603614, 0.30548166, 0.57190279, 0.78143672, 0.91639074, 1.71136124, 2.85017614, 3.31405962, 3.555436922, 3.61787193, 3.69263596, 4.09437833, 4.14912406, 4.45488897, 4.64107495, 6.13074327, 6.15177428, 6.22735191, 6.34436751, 6.67853134, 6.6933661, 6.70431515, 7.13688759, 8.09640314, 8.6480413, 9.21232714, 10.17181585, 10.17609618, 10.27180412, 10.474320829, 13.3314023, 14.19673349, 15.35662568, 16.00051612, 16.08951103, 17.77665809, 18.71465862, 19.46184816, 20.509129, 22.241905006, 26.71535161, 26.729702329, 26.73525612, 29.05908338, 31.95724483, 35.41634838, 38.39934766, 42.00029461, 63.97914276, 67.98594504, 84.303289174, 97.647525634, 112.476956493, 120.058819003, 159.024396993, 
-23.0225146667, -16.813076378, -16.433378225, -11.453879619, -10.734119536, -9.522737537, -8.903797004, -7.321570531, -7.300034957, -6.29380119, -5.47327534, -5.209685838, -4.829119323, -4.782872935, -4.596624696, -4.410846945, -4.389906552, -4.10185888, -3.970919517, -3.563387454, -3.175594136, -2.90877238, -2.626211836, -2.603165211, -2.542631351, -2.414570201, -2.334823663, -2.255528419, -2.050422654, -1.964264177, -1.816584367, -1.495979279, -1.299896753, -1.292722563, -1.194594713, -1.167570756, -1.167165044, -0.781411513, -0.773455427, -0.767048034, -0.627631458, -0.626293814, -0.624394531, -0.575516954, -0.382144901, -0.246682105, -0.014676525, 0.168234135, 0.180311701, 0.467801904, 0.491149253, 0.535250366, 0.546307017, 0.568342779, 0.828464729, 0.994353312, 0.999908351, 1.046975117, 1.100761063, 1.1347757, 1.317402726, 1.335199791, 1.457755269, 1.662325916, 1.724873488, 1.815239646, 1.948921181, 2.176283661, 2.250514301, 2.277997713, 2.616832523, 2.870126524, 3.076658807, 3.299124282, 3.313254947, 3.73869599, 3.828940884, 3.831010186, 3.832858915, 3.988774642, 4.186872992, 4.865583455, 5.280431225, 5.35317398, 5.533510711, 5.970625396, 6.148770055, 6.617677622, 6.803831223, 7.164575874, 7.467248024, 7.6218521, 9.549752748, 10.77911302, 11.202649667, 12.77329171, 15.247623187, 17.495498339, 18.584145735, 21.987402528, 25.176096497, 30.209845192, 35.906040125, 36.409970487, 
-13.542154775, -11.0770084203, -6.933608785, -5.632863885, -5.400800201, -5.321033443, -5.120790825, -5.027330503, -4.237933887, -3.696225706, -3.652451027, -2.870933027, -2.828665021, -2.146253806, -2.017294449, -2.00826178, -1.870092261, -1.867539154, -1.846711029, -1.815894154, -1.780124036, -1.776806781, -1.61453035, -1.500170378, -1.390009514, -1.247754416, -1.159985893, -1.107810065, -1.089493663, -1.071220532, -1.061704649, -1.02891445, -0.967418507, -0.769925748, -0.69301399, -0.661693872, -0.656220539, -0.646535342, -0.641225495, -0.469312311, -0.363479496, -0.347714244, -0.298720052, -0.298496807, -0.202011996, -0.198924301, -0.181457092, -0.180074103, -0.16008665, -0.094285542, -0.025460862, 0.118137151, 0.16049343, 0.161246927, 0.200324424, 0.254083547, 0.306312503, 0.360784013, 0.401851236, 0.403132425, 0.411880167, 0.487602936, 0.506291305, 0.562661803, 0.604342593, 0.661532246, 0.76357713, 0.7799994, 0.793825899, 1.028470778, 1.054529531, 1.138938682, 1.166014719, 1.2593893, 1.42702573, 1.524091162, 1.598768056, 1.757194309, 1.797267049, 1.837684113, 1.845069077, 1.941770507, 2.025580741, 2.17969107, 2.276522327, 2.452476336, 2.729492473, 2.854936952, 2.886921468, 3.429266751, 3.436634929, 3.539498687, 4.463217, 4.600908382, 4.904783048, 5.045691698, 7.186562847, 7.324187971, 9.172931871, 12.235540444, 12.489034223, 13.089554074, 16.11553698, 19.017021773, 
-14.723668753, -12.0718395329, -7.108107359, -5.573904214, -5.542737794, -5.496248899, -5.444105626, -5.260868946, -5.127232503, -3.73791837, -3.540620589, -3.005358359, -2.982962723, -2.641590456, -2.391899556, -2.372111582, -2.288250791, -2.24152498, -1.980524523, -1.919680303, -1.689062434, -1.681446526, -1.623494297, -1.607318967, -1.58073993, -1.467070072, -1.425023837, -1.141433574, -1.033397134, -0.999700135, -0.835653913, -0.832904749, -0.824538503, -0.785466856, -0.753446148, -0.725144645, -0.681485345, -0.649706237, -0.537890761, -0.533895709, -0.440434756, -0.431298213, -0.280272324, -0.262887661, -0.185282196, -0.17549361, -0.092741185, -0.02740736, 0.091737323, 0.107151494, 0.143849193, 0.193634804, 0.238986431, 0.300741183, 0.362934875, 0.411083647, 0.428935286, 0.446051123, 0.491589808, 0.494525461, 0.553108717, 0.566123098, 0.616265738, 0.633480147, 0.651385934, 0.666068394, 0.777611276, 0.833860293, 0.842268431, 0.978545918, 1.172272987, 1.305168371, 1.425422918, 1.52149247, 1.679361557, 1.862821212, 1.916102078, 2.030189134, 2.099011259, 2.116979152, 2.177465011, 2.236549544, 2.45951728, 2.633089192, 2.670362892, 2.870034547, 3.093684439, 3.144929286, 3.216492865, 3.765600912, 3.896583472, 4.007237728, 5.251996801, 5.259576985, 5.306074586, 5.703365829, 7.833401752, 8.16138663, 9.368408888, 10.186991935, 13.012420885, 13.741829004, 17.122768857, 21.449985433, 
-15.316176101, -12.7593643095, -8.165893801, -6.443523298, -5.825773743, -5.532021972, -5.346914328, -4.796991729, -4.100787456, -4.008567881, -3.824867242, -3.735164659, -3.263503732, -3.202624911, -3.014938801, -3.009642307, -3.008474004, -2.852226006, -2.65119291, -2.520267406, -2.36019783, -2.272368045, -2.13929788, -1.546595265, -1.546048587, -1.523411574, -1.489969392, -1.434664867, -1.432267014, -1.410518253, -1.379912205, -1.314160887, -1.247658395, -1.198490401, -1.190143611, -1.012407154, -0.856231719, -0.826378146, -0.800124899, -0.791746743, -0.733039037, -0.596774809, -0.580852306, -0.573072852, -0.409765231, -0.40829745, -0.188113735, -0.12826119, -0.123861346, -0.114422499, -0.100374439, -0.083902597, 0.00999120099999, 0.013848491, 0.215736683, 0.26578827, 0.269787534, 0.320301472, 0.37455017, 0.423221888, 0.531834639, 0.540525787, 0.548029968, 0.608745766, 0.779388867, 0.835308583, 0.84618062, 1.013039824, 1.190599793, 1.211243522, 1.503629774, 1.533304652, 1.565501748, 1.593577052, 1.71780346, 1.784194437, 1.798653149, 1.800895764, 1.808262707, 1.857968293, 1.920230094, 2.004907535, 2.357976416, 2.428488341, 2.786398857, 2.811080029, 3.103556809, 3.500016293, 3.552543998, 3.559874023, 3.602317977, 3.686424268, 4.678869832, 5.344758405, 5.584757068, 6.133956034, 8.384371912, 8.636641816, 10.890484116, 12.116486833, 13.730371694, 15.784519329, 19.169881957, 20.066474738, 
-6.6623492978, -2.81609209415, -1.6189246634, -1.5113996608, -1.08774361959, -1.0823509486, -0.9532258016, -0.9491282108, -0.8416863894, -0.788869151, -0.78155223172, -0.7232725472, -0.6264609558, -0.55542114222, -0.4373448714, -0.4346846981, -0.3928919281, -0.3834278517, -0.3721160558, -0.3719503608, -0.3524840765, -0.3512655753, -0.34851026293, -0.3190110112, -0.2577074186, -0.2479588407, -0.2425294022, -0.2321867842, -0.221502308, -0.2065115564, -0.2022649885, -0.201286841, -0.19363830379, -0.1866644159, -0.1813328673, -0.169650146, -0.1632617126, -0.1462198127, -0.1427543887, -0.13436520316, -0.1280383366, -0.1215647016, -0.1165561282, -0.096306902, -0.0910719055, -0.0714209888, -0.0613900468, -0.0594414629, -0.0356630746, -0.0325999444, -0.0306368625, -0.0262109902, -0.0231865977, -0.000675920800001, 0.0034091878, 0.0361358256, 0.0421053435, 0.0462004178, 0.0612375342, 0.077323074, 0.0857643716, 0.0982969917, 0.1137282493, 0.1394831475, 0.1683774456, 0.169756485, 0.206239283, 0.2586256748, 0.2673566549, 0.2877240622, 0.3383176544, 0.3456644751, 0.4116026807, 0.4141503138, 0.4144394494, 0.4180187679, 0.4372970756, 0.4438760724, 0.4588150496, 0.4883810641, 0.500823395, 0.5071703373, 0.5427053178, 0.5548966868, 0.5711533489, 0.5802777573, 0.6505034068, 0.6554345259, 0.6694323979, 0.7160300638, 0.7215810194, 0.7268033096, 0.7795170413, 0.7828013112, 0.8723913644, 0.8829066682, 0.8910626796, 0.9096400379, 1.1865826964, 1.199212894, 1.43991593509, 1.89513057475, 3.0892623034, 3.203217357, 
-4.3454723141, -2.6558891114, -1.5490458311, -1.06597496917, -0.9610049027, -0.8931881319, -0.7321267731, -0.6105616573, -0.5913551585, -0.5762104877, -0.5631121192, -0.5444901359, -0.4937210391, -0.4641366203, -0.4260573704, -0.3732176587, -0.3624144034, -0.3457987024, -0.3006249773, -0.2808014715, -0.2397426079, -0.2226676326, -0.20275394758, -0.1952161584, -0.1943082828, -0.1718018944, -0.1516406353, -0.1480392309, -0.1458220992, -0.142702282, -0.1273976264, -0.1135608695, -0.0941544157, -0.0558818938, -0.0413266997, -0.0129417478, 0.0203495438, 0.0305295726, 0.0310293785, 0.0467001544, 0.0652853409, 0.0762300299, 0.0833165677, 0.1295414592, 0.13098196199, 0.1332057011, 0.1420683794, 0.1482401965, 0.1555132399, 0.1697302685, 0.1785484762, 0.184844946, 0.2159191445, 0.2290330314, 0.2415789919, 0.3124861154, 0.3125812784, 0.3187627113, 0.3403513577, 0.352597666, 0.3578353208, 0.3580900759, 0.3717273409, 0.3750304686, 0.3843985493, 0.3890156352, 0.3938477112, 0.4050846253, 0.4266694598, 0.4340986429, 0.444708004, 0.4566108656, 0.4571332647, 0.4730357189, 0.4827687894, 0.4832574094, 0.4835637993, 0.4887328048, 0.4990402366, 0.5331073405, 0.5663584302, 0.5743768208, 0.5848744855, 0.5888833217, 0.5971044738, 0.6365473116, 0.6616508695, 0.7001766928, 0.7239392081, 0.7449076377, 0.7497118554, 0.7585795292, 0.8314799404, 0.9001248134, 0.9148210761, 0.9396703202, 1.0296662578, 1.0553312866, 1.0751471383, 1.1032134908, 1.165127067, 1.1688148246, 2.27432432113, 2.4126642492, 
